tag,score,avg_all,avg_phi,avg_psi,avg_omega,max_all,max_phi,max_psi,max_omega,rms,med_all,med_phi,med_psi,med_omega,cm
A*02:01_none_SLLMWITQS_none_none_on_1T21_reordered_relaxed_0_dock_refined_1,-380.14759077857116,0.04508333333333333,0.078875,0.053125000000000006,0.00325,0.292,0.292,0.243,0.008,0.9743095636367798,0.0075,0.034999999999999996,0.028,0.002,0.5454545454545454
A*02:01_none_SLLMWITQS_none_none_on_1T21_reordered_relaxed_0_dock_refined_2,-380.14759077857116,0.04508333333333333,0.078875,0.053125000000000006,0.00325,0.292,0.292,0.243,0.008,0.9743095636367798,0.0075,0.034999999999999996,0.028,0.002,0.5454545454545454
A*02:01_none_SLLMWITQS_none_none_on_1T21_reordered_relaxed_0_dock_refined_0,-380.14759077857116,0.04508333333333333,0.078875,0.053125000000000006,0.00325,0.292,0.292,0.243,0.008,0.9743095636367798,0.0075,0.034999999999999996,0.028,0.002,0.5454545454545454
