tag,score,avg_all,avg_phi,avg_psi,avg_omega,max_all,max_phi,max_psi,max_omega,rms,med_all,med_phi,med_psi,med_omega,cm
A*02:01_none_FVLELEPEWTVK_none_none_on_4NO0_reordered_223no_na_relaxed_0_dock_refined_0,39.14624997289039,0.9760000000000002,0.39930000000000004,1.7858,0.7429,3.997,3.686,3.997,3.526,2.4112679958343506,0.06,0.004,1.0825,0.0605,0.14285714285714285
A*02:01_none_FVLELEPEWTVK_none_none_on_4NO0_reordered_223no_na_relaxed_0_dock_refined_2,39.14624997289039,0.9760000000000002,0.39930000000000004,1.7858,0.7429,3.997,3.686,3.997,3.526,2.4112679958343506,0.06,0.004,1.0825,0.0605,0.14285714285714285
A*02:01_none_FVLELEPEWTVK_none_none_on_4NO0_reordered_223no_na_relaxed_0_dock_refined_1,39.14624997289039,0.9760000000000002,0.39930000000000004,1.7858,0.7429,3.997,3.686,3.997,3.526,2.4112679958343506,0.06,0.004,1.0825,0.0605,0.14285714285714285
