tag,score,avg_all,avg_phi,avg_psi,avg_omega,max_all,max_phi,max_psi,max_omega,rms,med_all,med_phi,med_psi,med_omega,cm
A*02:01_none_FVLELEPEWTVK_none_none_on_5T6Y_reordered_181no_na_relaxed_0_dock_refined_1,-136.1973295537994,0.5922999999999999,0.2535,1.4978999999999998,0.025500000000000002,3.985,1.064,3.985,0.084,3.5034003257751465,0.07700000000000001,0.14,0.6905,0.007,0.07142857142857142
A*02:01_none_FVLELEPEWTVK_none_none_on_5T6Y_reordered_181no_na_relaxed_0_dock_refined_2,-136.1973295537994,0.5922999999999999,0.2535,1.4978999999999998,0.025500000000000002,3.985,1.064,3.985,0.084,3.5034003257751465,0.07700000000000001,0.14,0.6905,0.007,0.07142857142857142
A*02:01_none_FVLELEPEWTVK_none_none_on_5T6Y_reordered_181no_na_relaxed_0_dock_refined_0,-136.1973295537994,0.5922999999999999,0.2535,1.4978999999999998,0.025500000000000002,3.985,1.064,3.985,0.084,3.5034003257751465,0.07700000000000001,0.14,0.6905,0.007,0.07142857142857142
