tag,score,avg_all,avg_phi,avg_psi,avg_omega,max_all,max_phi,max_psi,max_omega,rms,med_all,med_phi,med_psi,med_omega,cm
A*02:01_none_LLFGYPVYV_none_none_on_3QFJ_reordered_relaxed_0_dock_refined_1,-377.3858269110659,0.12283333333333334,0.138625,0.22325,0.006625,1.446,0.75,1.446,0.029,1.0162864923477173,0.012,0.021,0.035500000000000004,0.0,0.7142857142857143
A*02:01_none_LLFGYPVYV_none_none_on_3QFJ_reordered_relaxed_0_dock_refined_2,-377.3858269110659,0.12283333333333334,0.138625,0.22325,0.006625,1.446,0.75,1.446,0.029,1.0162864923477173,0.012,0.021,0.035500000000000004,0.0,0.7142857142857143
A*02:01_none_LLFGYPVYV_none_none_on_3QFJ_reordered_relaxed_0_dock_refined_0,-377.3858269110659,0.12283333333333334,0.138625,0.22325,0.006625,1.446,0.75,1.446,0.029,1.0162864923477173,0.012,0.021,0.035500000000000004,0.0,0.7142857142857143
