tag,score,avg_all,avg_phi,avg_psi,avg_omega,max_all,max_phi,max_psi,max_omega,rms,med_all,med_phi,med_psi,med_omega,cm
A*02:01_none_SLLMWITQS_none_none_on_1S9X_reordered_relaxed_0_dock_refined_2,-338.6360095673058,0.018750000000000003,0.031625,0.02,0.004625000000000001,0.128,0.128,0.081,0.021,0.5065888166427612,0.01,0.02,0.013000000000000001,0.001,0.6363636363636364
A*02:01_none_SLLMWITQS_none_none_on_1S9X_reordered_relaxed_0_dock_refined_0,-338.6360095673058,0.018750000000000003,0.031625,0.02,0.004625000000000001,0.128,0.128,0.081,0.021,0.5065888166427612,0.01,0.02,0.013000000000000001,0.001,0.6363636363636364
A*02:01_none_SLLMWITQS_none_none_on_1S9X_reordered_relaxed_0_dock_refined_1,-338.6360095673058,0.018750000000000003,0.031625,0.02,0.004625000000000001,0.128,0.128,0.081,0.021,0.5065888166427612,0.01,0.02,0.013000000000000001,0.001,0.6363636363636364
