tag,score,avg_all,avg_phi,avg_psi,avg_omega,max_all,max_phi,max_psi,max_omega,rms,med_all,med_phi,med_psi,med_omega,cm
A*02:01_none_FVLELEPEWTVK_none_none_on_3BW9_reordered_4no_na_relaxed_0_dock_refined_0,595.3529092944269,0.35957575757575755,0.08345454545454546,0.9494545454545453,0.04581818181818182,3.996,0.429,3.996,0.26,2.572953462600708,0.032,0.032,0.061,0.007,0.07142857142857142
A*02:01_none_FVLELEPEWTVK_none_none_on_3BW9_reordered_4no_na_relaxed_0_dock_refined_1,595.3529092944269,0.35957575757575755,0.08345454545454546,0.9494545454545453,0.04581818181818182,3.996,0.429,3.996,0.26,2.572953462600708,0.032,0.032,0.061,0.007,0.07142857142857142
A*02:01_none_FVLELEPEWTVK_none_none_on_3BW9_reordered_4no_na_relaxed_0_dock_refined_2,595.3529092944269,0.35957575757575755,0.08345454545454546,0.9494545454545453,0.04581818181818182,3.996,0.429,3.996,0.26,2.572953462600708,0.032,0.032,0.061,0.007,0.07142857142857142
