tag,score,avg_all,avg_phi,avg_psi,avg_omega,max_all,max_phi,max_psi,max_omega,rms,med_all,med_phi,med_psi,med_omega,cm
A*02:01_none_SLLMWITQS_none_none_on_1S9X_reordered_relaxed_0_dock_refined_2,-337.0194510533024,0.027249999999999996,0.043875,0.032125,0.00575,0.107,0.107,0.086,0.024,0.4715616703033447,0.006500000000000001,0.031,0.005,0.0005,0.5
A*02:01_none_SLLMWITQS_none_none_on_1S9X_reordered_relaxed_0_dock_refined_0,-337.0194510533024,0.027249999999999996,0.043875,0.032125,0.00575,0.107,0.107,0.086,0.024,0.4715616703033447,0.006500000000000001,0.031,0.005,0.0005,0.5
A*02:01_none_SLLMWITQS_none_none_on_1S9X_reordered_relaxed_0_dock_refined_1,-337.0194510533024,0.027249999999999996,0.043875,0.032125,0.00575,0.107,0.107,0.086,0.024,0.4715616703033447,0.006500000000000001,0.031,0.005,0.0005,0.5
