tag,score,avg_all,avg_phi,avg_psi,avg_omega,max_all,max_phi,max_psi,max_omega,rms,med_all,med_phi,med_psi,med_omega,cm
A*02:01_none_FVLELEPEWTVK_none_none_on_4JQX_reordered_252no_na_relaxed_0_dock_refined_1,415.6514855077699,0.6907272727272727,0.1628181818181818,1.872181818181818,0.037181818181818184,3.985,0.978,3.985,0.181,3.435229539871216,0.039,0.039,1.414,0.023,0.07142857142857142
A*02:01_none_FVLELEPEWTVK_none_none_on_4JQX_reordered_252no_na_relaxed_0_dock_refined_0,415.6514855077699,0.6907272727272727,0.1628181818181818,1.872181818181818,0.037181818181818184,3.985,0.978,3.985,0.181,3.435229539871216,0.039,0.039,1.414,0.023,0.07142857142857142
A*02:01_none_FVLELEPEWTVK_none_none_on_4JQX_reordered_252no_na_relaxed_0_dock_refined_2,415.6514855077699,0.6907272727272727,0.1628181818181818,1.872181818181818,0.037181818181818184,3.985,0.978,3.985,0.181,3.435229539871216,0.039,0.039,1.414,0.023,0.07142857142857142
