tag,score,avg_all,avg_phi,avg_psi,avg_omega,max_all,max_phi,max_psi,max_omega,rms,med_all,med_phi,med_psi,med_omega,cm
A*02:01_none_FVLELEPEWTVK_none_none_on_4JQX_reordered_64no_na_relaxed_0_dock_refined_2,517.9234786603698,0.6564242424242424,0.16854545454545455,1.7879090909090907,0.012818181818181819,3.976,0.831,3.976,0.085,3.997832775115967,0.04,0.04,1.453,0.003,0.2857142857142857
A*02:01_none_FVLELEPEWTVK_none_none_on_4JQX_reordered_64no_na_relaxed_0_dock_refined_1,517.9234786603698,0.6564242424242424,0.16854545454545455,1.7879090909090907,0.012818181818181819,3.976,0.831,3.976,0.085,3.997832775115967,0.04,0.04,1.453,0.003,0.2857142857142857
A*02:01_none_FVLELEPEWTVK_none_none_on_4JQX_reordered_64no_na_relaxed_0_dock_refined_0,517.9234786603698,0.6564242424242424,0.16854545454545455,1.7879090909090907,0.012818181818181819,3.976,0.831,3.976,0.085,3.997832775115967,0.04,0.04,1.453,0.003,0.2857142857142857
