tag,score,avg_all,avg_phi,avg_psi,avg_omega,max_all,max_phi,max_psi,max_omega,rms,med_all,med_phi,med_psi,med_omega,cm
A*02:01_none_LLFGYPVYV_none_none_on_3GJF_reordered_relaxed_0_dock_refined_0,-403.93589239893265,0.147875,0.17375,0.26175,0.008125,1.93,0.77,1.93,0.047,1.0087134838104248,0.009000000000000001,0.072,0.014499999999999999,0.0025,0.42857142857142855
A*02:01_none_LLFGYPVYV_none_none_on_3GJF_reordered_relaxed_0_dock_refined_2,-403.93589239893265,0.147875,0.17375,0.26175,0.008125,1.93,0.77,1.93,0.047,1.0087134838104248,0.009000000000000001,0.072,0.014499999999999999,0.0025,0.42857142857142855
A*02:01_none_LLFGYPVYV_none_none_on_3GJF_reordered_relaxed_0_dock_refined_1,-403.93589239893265,0.147875,0.17375,0.26175,0.008125,1.93,0.77,1.93,0.047,1.0087134838104248,0.009000000000000001,0.072,0.014499999999999999,0.0025,0.42857142857142855
